{
 "mdsDat": {
 "x": [ 0.16025, -0.03676, 0.13179, -0.35672, 0.10143 ],
"y": [ -0.1572, 0.012841, -0.10489, -0.031009, 0.28026 ],
"topics": [ 1, 2, 3, 4, 5 ],
"Freq": [ 33.601,  27.54, 15.738, 11.911, 11.209 ],
"cluster": [      1,      1,      1,      1,      1 ] 
},
"tinfo": {
 "Term": [ "客户", "销售", "网络", "推广", "产品", "信息", "网站", "进行", "渠道", "负责", "我们", "经验", "优化", "相关", "策划", "发布", "开发", "任职", "活动", "能力", "动态", "以上学历", "竞争", "拓展", "任务", "搜集", "资格", "业务", "市场营销", "公司", "策略", "提出", "店铺", "竞争对手", "统计", "链接", "账户", "广告投放", "研究", "搜狗", "页面", "口碑", "整合", "促销", "预算", "制订", "社群", "百科", "交换", "结果", "统计分析", "报告", "活跃度", "监督", "落地", "分类", "对外", "关注度", "落实", "支持", "客户关系", "解答", "疑问", "毕业生", "老客户", "促成", "应届", "回访", "售后服务", "性格开朗", "拜访", "敢于", "热情", "周岁", "积累", "普通话", "强烈", "聊天工具", "客户资料", "满意度", "谈判", "承受", "吃苦耐劳", "敏捷", "抗压", "亦可", "录用", "不用", "回复", "乐观", "游戏", "不断改进", "玩家", "功底", "书签", "计算机", "目录", "权重", "性质", "途径", "中文", "写作", "新兴", "英语", "红人", "两年", "敏锐", "外语", "人民币", "案例", "Facebook", "从业", "广告学", "扎实", "化妆品", "B2C", "经济", "逻辑思维", "商业", "PPT", "广州", "晋升", "梦想", "奖金", "如果", "有限公司", "创业", "就是", "一起", "旅游", "90", "收入", "年轻", "保障", "薪酬", "绩效奖金", "上班", "50", "不是", "分公司", "什么", "奖励", "是否", "专注", "成立", "福利待遇", "精英", "成为", "人才", "1000", "动态", "竞争", "网上贸易", "承诺", "如有", "不实", "担惊受怕", "就吗", "阳奉阴违", "二次元", "体面", "尊严", "高手", "瓶颈", "荣耀", "司机", "同花顺", "王者", "AB", "爱好者", "吃货", "高颜值", "欢迎您", "绝技", "盟友", "分销商", "分销", "google", "利用网络", "按时", "评估", "电话", "优化", "用户", "实施", "调整", "客户", "我们", "专科", "同行", "搜索引擎", "监控", "投放", "改进", "订单", "引导", "寻找", "文字", "机构", "制定", "建设", "数据分析", "接待", "达到", "空间", "沟通", "搜集", "方案", "多种", "分析", "知名度", "福利", "客户资源", "意识", "努力", "更新", "运营", "良好", "长期", "运用", "网站", "需求", "负责", "媒体", "提供", "活动", "合适", "拓展", "营销", "热爱", "外出", "可以", "底薪", "推广", "问题", "能力", "信息", "操作", "编辑", "提成", "发布", "数据", "接受", "熟练", "百度", "销售", "一定", "电子商务", "真诚", "计划", "熟悉", "博客", "加入", "这里", "市场营销", "产品", "执行", "关系", "销售", "网络", "交流", "推广", "网络营销", "利用", "要求", "服务", "规律", "自己", "任务", "渠道", "关键词", "员工", "业务", "开发", "根据", "策划", "文案", "了解", "SEO", "经验", "一个", "资格", "业绩", "完成", "招聘", "进行", "以上学历", "跟进", "策划", "维护", "品牌", "具备", "网站", "具有", "通过", "论坛", "学习", "任职", "提升", "专业", "效果", "公司", "优先", "管理", "目标", "培训", "相关", "网络", "工作", "以上", "要求", "任职", "资源", "时间", "进行", "工作", "能力", "公司", "相关", "公司", "建立", "产品", "团队", "公司", "合作", "发展", "平台", "不限", "经验", "岗位职责", "互联网", "工作", "优先", "网络", "以上", "微信", "负责", "进行", "渠道", "平台", "公司", "团队", "2.", "效果", "活动", "管理", "营销", "待遇", "产品", "提供", "工作", "网络", "职位", "销售", "以上学历", "维护", "品牌", "1.", "企业", "大专", "岗位职责", "服务", "岗位职责", "职位", "经验", "负责", "专业", "工作", "运营", "通过", "任职", "客户", "推广", "平台", "专业", "负责", "完成", "信息" ],
"logprob": [     30,     29,     28,     27,     26,     25,     24,     23,     22,     21,     20,     19,     18,     17,     16,     15,     14,     13,     12,     11,     10,      9,      8,      7,      6,      5,      4,      3,      2,      1, -4.8307, -5.6071, -5.8319, -6.0125, -6.0881, -6.246, -6.2727, -6.2863, -6.3001, -6.3426, -6.4023, -6.4658, -6.5162, -6.5877, -6.6254, -6.6254, -6.6448, -6.7264, -6.7264, -6.7264, -6.8389, -6.863, -6.8876, -6.8876, -6.8876, -6.9129, -6.9389, -6.9389, -6.9389, -6.9389, -5.5257, -5.7725, -5.8668, -5.9709, -6.0081, -6.0338, -6.0469, -6.2504, -6.4262, -6.4262, -6.5062, -6.5273, -6.5707, -6.5932, -6.6397, -6.6397, -6.6397, -6.6885, -6.7397, -6.7397, -6.7397, -6.8219, -6.8509, -6.8509, -6.8807, -6.9432, -6.976, -7.0099, -7.0099, -7.0099, -5.271, -5.7199, -5.8823, -6.0074, -6.1764, -6.2031, -6.2586, -6.2586, -6.2876, -6.5557, -6.6356, -6.8178, -6.8178, -6.8178, -6.923, -6.923, -6.923, -6.923, -6.9801, -7.0407, -7.1051, -7.1051, -7.1051, -7.1051, -7.174, -7.248, -7.248, -7.248, -7.248, -7.328, -4.7892, -4.919, -5.2714, -5.3597, -5.3752, -5.5637, -5.6838, -5.6838, -5.7272, -5.7727, -5.7962, -5.845, -5.8703, -5.8962, -5.8962, -5.9503, -5.9503, -5.9784, -6.0074, -6.0074, -6.0074, -6.068, -6.068, -6.068, -6.0997, -6.1325, -6.1325, -6.1664, -6.1664, -6.2378, -4.0835, -4.0973, -4.3546, -6.0708, -6.0708, -6.1398, -6.253, -6.253, -6.253, -6.3363, -6.3363, -6.3363, -6.4272, -6.4272, -6.4272, -6.4272, -6.4272, -6.4272, -6.4759, -6.4759, -6.4759, -6.4759, -6.4759, -6.4759, -6.4759, -6.7633, -7.1681, -7.6776, -4.1066, -4.2631, -5.5662, -4.9055, -4.0817, -5.6716, -5.2298, -5.7894, -2.7258, -3.8406, -4.4163, -4.1545, -4.9386, -5.7485, -5.621, -6.246, -5.8029, -5.9832, -5.6503, -5.4576, -5.6219, -4.4392, -5.8583, -5.8855, -6.4456, -5.5102, -5.3444, -4.1692, -4.1113, -4.3079, -5.4323, -4.4032, -4.7971, -5.1397, -5.2302, -5.7625, -5.7053, -5.621, -4.3887, -4.6477, -5.8238, -5.1992, -3.6034, -4.6157, -3.2611, -5.0163, -4.3281, -4.3949, -5.3752, -4.135, -3.8616, -5.6503, -6.1009, -4.8246, -4.6822, -3.1131, -5.607, -4.1999, -3.3414, -4.1843, -5.3257, -4.6514, -4.0216, -4.9386, -6.0338, -5.2396, -5.0716, -3.4109, -5.0959, -5.0522, -6.1761, -4.9748, -4.0556, -5.1139, -5.0915, -5.1153, -4.0881, -2.9244, -4.8765, -5.5494, -2.7476, -2.7634, -6.1879, -2.8685, -4.205, -4.6215, -3.8691, -4.9572, -5.8439, -4.6822, -4.1945, -3.581, -4.935, -5.3146, -4.0565, -4.1255, -4.8599, -4.583, -4.9941, -4.0476, -5.1742, -3.9855, -5.2034, -4.135, -5.7142, -4.4616, -5.2166, -3.3501, -4.1643, -5.401, -4.3296, -4.6095, -4.9245, -5.3408, -3.7624, -4.3974, -4.5787, -4.8799, -4.5855, -4.5371, -4.5833, -4.1207, -4.9565, -3.7548, -4.6049, -4.0927, -5.1388, -4.5784, -3.9392, -3.6449, -3.7323, -4.3666, -4.4945, -4.0476, -4.7582, -5.3294, -4.278, -4.1106, -4.3939, -3.9273, -4.3255, -3.6639, -5.3604, -4.2707, -5.0071, -3.359, -5.0744, -4.7467, -4.6771, -5.2302, -4.664, -4.6316, -4.7145, -3.9212, -5.0499, -4.291, -4.7392, -5.0744, -3.9709, -4.5637, -4.4531, -4.013, -3.9659, -4.7384, -5.1466, -4.771, -4.6049, -4.8599, -4.6773, -5.4565, -4.6157, -4.7892, -4.5202, -4.5878, -4.8656, -4.4973, -4.8038, -4.9002, -4.8446, -5.1683, -5.2574, -4.9546, -3.9878, -5.1774, -4.8468, -5.1774, -4.0389, -3.8891, -5.1202, -3.9551, -4.9091, -4.1207, -4.8944, -5.0798, -4.0345, -4.9017, -5.2436, -5.152, -4.135, -5.0163 ],
"loglift": [     30,     29,     28,     27,     26,     25,     24,     23,     22,     21,     20,     19,     18,     17,     16,     15,     14,     13,     12,     11,     10,      9,      8,      7,      6,      5,      4,      3,      2,      1, 1.0903,   1.09, 1.0899, 1.0898, 1.0897, 1.0895, 1.0895, 1.0895, 1.0895, 1.0894, 1.0894, 1.0893, 1.0892, 1.0891, 1.0891, 1.0891,  1.089, 1.0889, 1.0889, 1.0889, 1.0887, 1.0886, 1.0886, 1.0886, 1.0886, 1.0885, 1.0885, 1.0885, 1.0885, 1.0885, 1.2889, 1.2887, 1.2886, 1.2885, 1.2885, 1.2885, 1.2885, 1.2882,  1.288,  1.288, 1.2878, 1.2878, 1.2877, 1.2877, 1.2876, 1.2876, 1.2876, 1.2875, 1.2874, 1.2874, 1.2874, 1.2872, 1.2872, 1.2872, 1.2871, 1.2869, 1.2868, 1.2867, 1.2867, 1.2867, 1.8483, 1.8478, 1.8475, 1.8473,  1.847, 1.8469, 1.8468, 1.8468, 1.8468,  1.846, 1.8458, 1.8451, 1.8451, 1.8451, 1.8447, 1.8447, 1.8447, 1.8447, 1.8444, 1.8441, 1.8438, 1.8438, 1.8438, 1.8438, 1.8434,  1.843,  1.843,  1.843,  1.843, 1.8425,  2.127, 2.1269, 2.1266, 2.1265, 2.1264, 2.1262,  2.126,  2.126, 2.1259, 2.1258, 2.1258, 2.1257, 2.1256, 2.1256, 2.1256, 2.1255, 2.1255, 2.1254, 2.1253, 2.1253, 2.1253, 2.1252, 2.1252, 2.1252, 2.1251,  2.125,  2.125, 2.1249, 2.1249, 2.1247, 2.1881, 2.1881,  2.188, 2.1858, 2.1858, 2.1856, 2.1853, 2.1853, 2.1853,  2.185,  2.185,  2.185, 2.1847, 2.1847, 2.1847, 2.1847, 2.1847, 2.1847, 2.1845, 2.1845, 2.1845, 2.1845, 2.1845, 2.1845, 2.1845, 2.1832, 2.1805, 2.1753,  2.138, 2.1148, 1.0768, 1.2724, 1.0489, 1.0753,  1.062, 1.0733, 1.2222, 2.0912, 2.1087, 2.0952, 1.0213, 1.0506, 1.0419, 1.0635, 1.2483, 1.2522, 1.2371, 1.7743, 2.1064, 0.9782, 1.0461, 1.0449, 1.2685, 1.7581, 2.0823, 1.1363, 2.0369, 0.9314, 1.7198, 0.8977, 1.6356, 2.0443, 1.1425, 1.1851, 2.0837, 0.9829, 0.8449, 1.0681, 1.1882, 1.6281, 0.7497, 1.0304,  0.664, 0.8851, 0.9426, 0.7687, 2.0094, 1.8206, 0.6476, 1.1254, 1.1953, 1.9174, 1.8866, 0.5062, 1.1039, 0.8339, 1.6253, 1.7481, 1.4709, 1.8409, 1.6855, 0.8008, 1.1774, 1.4479, 0.8143,  0.593, 1.3924, 1.3802, 2.1144, 0.7682, 1.1142, 1.3746,  1.906, 1.9109, 1.6059, 1.3141, 0.7333,  1.036, 1.2563,  1.222, 1.2009, 0.7507,  1.099, 1.2025,  0.985, 0.8505,  1.529,  1.734, 1.5372, 1.3446, 0.7447, 1.9165, 1.4654, 1.4679, 0.7182, 0.6184, 1.2416, 1.4256, 0.8119, 0.8607, 1.8725, 1.4374, 1.0316, 0.5446, 1.8497, 1.0651, 1.3462, 0.9094, 0.8717, 0.5623, 0.6801, 0.8739, 0.5908, 1.3634, 0.5283, 1.0817, 1.5101, 0.4877, 0.9354,  1.136, 0.6433, -0.0031, 0.9373, 1.0696, 0.7202, 1.3991, 0.9706, 0.3405, 0.3752,  1.194, 0.3595, 0.9772, 0.8936, 1.7683, 0.1372, -0.0031, 0.6398, -0.1756, 0.5843, 0.0878, 0.8218, -0.0322, 0.5402, 0.3928, 0.5787,  1.191, 0.2342, 0.7078, 0.1822, 0.0983, 0.8415, 0.1863, 0.4924, -0.3056, 0.8214, 0.4981, -0.0458, -0.1484, 0.4724, 0.8982, -0.2142, 0.8089, 0.5358, 0.8289, 0.5586, 0.3023, -0.1682, 1.6955, -0.3772, 0.4814, -0.4127, -0.6024, 0.8506, -0.4934, 0.7068, 0.2716,   0.76, 0.4295, 1.1244, 1.0094, 0.7421, 0.6304, -0.117, 0.5388, 0.8074,  0.036, 0.1365, 0.1523, 0.3245, 0.9863, 0.1305, -1.1318, -0.4153, 0.0095, 0.0131, -1.2269, 0.8711, -0.0495 ],
"Freq": [   2243,   2121,   2161,   3116,   1677,    810,   1496,   1406,    844,   2295,    308,    913,    687,    857,    640,    386,    432,    764,    665,    757,    219,    470,    216,    301,    376,    248,    442,    464,    391,   2730, 311.84, 143.48, 114.59, 95.657, 88.683, 75.733,  73.74, 72.744, 71.748, 68.759, 64.774, 60.789, 57.801, 53.816, 51.823, 51.823, 50.827, 46.842, 46.842, 46.842, 41.861, 40.865, 39.869, 39.869, 39.869, 38.872, 37.876, 37.876, 37.876, 37.876, 127.57, 99.667, 90.699, 81.731, 78.741, 76.748, 75.752, 61.801, 51.836, 51.836, 47.851, 46.854, 44.861, 43.865, 41.872, 41.872, 41.872, 39.879, 37.886, 37.886, 37.886, 34.896,   33.9,   33.9, 32.903, 30.911, 29.914, 28.918, 28.918, 28.918, 94.038, 60.032,  51.03, 45.029, 38.027, 37.027, 35.027, 35.027, 34.027, 26.025, 24.025, 20.024, 20.024, 20.024, 18.024, 18.024, 18.024, 18.024, 17.023, 16.023, 15.023, 15.023, 15.023, 15.023, 14.023, 13.023, 13.023, 13.023, 13.023, 12.022, 115.23,  101.2, 71.147, 65.137, 64.135, 53.115, 47.104, 47.104, 45.101, 43.097, 42.095, 40.092,  39.09, 38.088, 38.088, 36.085, 36.085, 35.083, 34.081, 34.081, 34.081, 32.077, 32.077, 32.077, 31.076, 30.074, 30.074, 29.072, 29.072, 27.068, 219.61,  216.6, 167.47, 30.101, 30.101, 28.095, 25.087, 25.087, 25.087, 23.082, 23.082, 23.082, 21.076, 21.076, 21.076, 21.076, 21.076, 21.076, 20.074, 20.074, 20.074, 20.074, 20.074, 20.074, 20.074,  15.06, 10.047, 6.0362, 214.59, 183.51, 149.45, 237.18, 659.52, 134.51, 209.23, 119.57, 2097.6, 297.55, 157.44, 204.57, 279.96, 124.55, 141.48, 75.733, 96.678, 80.734, 112.62, 78.035,  50.11, 461.27,  111.6, 108.61,  50.84, 74.034, 66.138, 495.27, 213.59, 526.02, 80.036, 478.21, 151.05, 81.165, 171.41, 100.66, 46.103, 141.48, 485.18, 306.93, 94.685, 101.04,   1064,  316.9, 1498.3, 259.04, 422.52, 482.19, 64.135, 208.58,  821.9, 112.62, 71.766, 111.22, 128.25, 1737.4,  117.6, 480.32, 461.26, 198.55, 89.037, 132.26, 233.65, 279.96, 76.748, 97.039, 245.09, 1057.3, 112.04, 117.04, 27.093,    270, 317.08, 110.04, 85.173, 83.169, 218.61, 699.89, 297.89, 124.58, 835.26, 822.22, 65.787, 1039.2, 273.07, 180.06, 382.09, 225.22,  53.03, 128.25, 196.55, 362.99, 280.95, 68.142, 225.62, 210.58, 302.87,  399.5, 124.04, 227.63, 221.18, 340.09, 76.156, 208.58, 105.65, 369.71, 75.155, 457.24, 202.56, 144.51, 241.07, 318.89, 283.94, 153.48,  425.1, 160.45, 328.86, 139.05, 141.27, 342.81, 187.06, 211.59, 274.98, 914.55, 183.06,  217.6, 229.15, 142.27,  253.7, 478.11, 438.11, 165.46, 357.75, 227.63, 157.05,  67.14, 541.96, 525.16, 226.06, 630.79, 242.07, 469.11, 150.49, 545.95, 214.26, 453.23, 200.31, 120.24, 363.64, 171.41, 301.95, 311.92, 164.05, 274.51, 205.29, 534.99, 160.05, 200.31, 345.09, 333.84, 213.06, 235.65, 262.49, 121.24, 186.36, 155.05, 183.06, 302.87, 297.96, 59.126,  316.9, 115.23, 425.41, 325.87, 141.05,  154.3, 150.05, 290.92, 144.05, 182.37, 72.149, 129.05, 241.67,  78.16, 306.86,  78.16, 229.64, 266.73, 191.34, 249.69, 135.05, 211.59, 137.05, 86.174, 230.64, 136.05, 73.151, 185.36, 208.58, 259.04 ],
"Total": [   2243,   2121,   2161,   3116,   1677,    810,   1496,   1406,    844,   2295,    308,    913,    687,    857,    640,    386,    432,    764,    665,    757,    219,    470,    216,    301,    376,    248,    442,    464,    391,   2730, 311.92, 143.56, 114.67, 95.737, 88.763, 75.813,  73.82, 72.824, 71.828, 68.839, 64.854, 60.869, 57.881, 53.896, 51.903, 51.903, 50.907, 46.922, 46.922, 46.922, 41.941, 40.945, 39.949, 39.949, 39.949, 38.952, 37.956, 37.956, 37.956, 37.956, 127.65, 99.747, 90.779, 81.811, 78.821, 76.828, 75.832, 61.881, 51.916, 51.916, 47.931, 46.934, 44.941, 43.945, 41.952, 41.952, 41.952, 39.959, 37.966, 37.966, 37.966, 34.976,  33.98,  33.98, 32.984, 30.991, 29.994, 28.998, 28.998, 28.998, 94.118, 60.112,  51.11, 45.109, 38.107, 37.107, 35.107, 35.107, 34.107, 26.105, 24.105, 20.104, 20.104, 20.104, 18.103, 18.103, 18.103, 18.103, 17.103, 16.103, 15.103, 15.103, 15.103, 15.103, 14.103, 13.102, 13.102, 13.102, 13.102, 12.102, 115.31, 101.28, 71.227, 65.217, 64.215, 53.195, 47.184, 47.184, 45.181, 43.177, 42.175, 40.172,  39.17, 38.168, 38.168, 36.165, 36.165, 35.163, 34.161, 34.161, 34.161, 32.157, 32.157, 32.157, 31.156, 30.154, 30.154, 29.152, 29.152, 27.148, 219.69, 216.68, 167.55, 30.181, 30.181, 28.175, 25.167, 25.167, 25.167, 23.162, 23.162, 23.162, 21.156, 21.156, 21.156, 21.156, 21.156, 21.156, 20.154, 20.154, 20.154, 20.154, 20.154, 20.154, 20.154,  15.14, 10.127, 6.1161, 225.69, 197.54, 151.53, 241.27,  687.6, 136.58, 215.31, 121.65, 2243.6, 308.59, 170.51, 224.57, 300.04, 129.64, 148.54, 77.813, 100.74, 83.803, 118.68, 84.093, 51.186, 516.16, 116.68, 113.69,  51.92,  81.09, 69.208, 577.27, 248.54,  616.8,  91.08, 579.93, 186.99, 88.221, 198.57, 111.75, 48.175, 157.57, 620.29, 383.01, 104.78, 126.03, 1496.2, 410.62, 2295.5, 318.13, 597.73, 665.31, 72.187, 301.31,   1280, 132.71, 78.858, 137.25, 163.21, 3116.9, 141.59, 757.54, 810.03, 308.41, 129.96, 176.18, 386.35, 374.06, 85.852, 144.95,  323.1, 2121.6, 176.89, 187.06, 29.176, 372.71, 661.23, 176.87, 106.31,  103.3, 391.46, 1677.9, 425.83, 160.52, 2121.6, 2161.2, 71.883, 3116.9, 578.15, 343.74,  906.7, 349.35,  73.04, 190.11, 376.98, 844.11, 397.06, 84.162, 464.95, 432.86, 439.54, 640.63, 227.73, 488.15, 292.27, 913.79, 98.295, 442.04, 136.73, 778.74, 99.239, 1406.1, 470.26, 211.34, 640.63, 659.88, 428.05, 232.57, 1496.2, 366.15, 704.05, 299.52, 261.97, 764.31, 466.44, 606.15, 430.09, 2730.2, 455.59, 666.19, 331.87, 294.81, 857.49, 2161.2, 1912.9, 447.28,  906.7, 764.31, 408.33, 96.177, 1406.1, 1912.9, 757.54, 2730.2, 857.49, 2730.2, 240.23, 1677.9, 453.29, 2730.2, 407.75, 306.78, 856.29, 306.68, 913.79, 1026.6, 449.35, 1912.9, 455.59, 2161.2, 447.28, 441.98, 2295.5, 1406.1, 844.11, 856.29, 2730.2, 453.29,    396, 430.09, 665.31, 666.19,   1280, 91.093, 1677.9, 597.73, 1912.9, 2161.2, 382.84, 2121.6, 470.26, 659.88, 428.05,    431, 196.77, 298.83, 1026.6, 349.35, 1026.6, 382.84, 913.79, 2295.5, 606.15, 1912.9, 620.29, 704.05, 764.31, 2243.6, 3116.9, 856.29, 606.15, 2295.5, 778.74, 810.03 ],
"Category": [ "Default", "Default", "Default", "Default", "Default", "Default", "Default", "Default", "Default", "Default", "Default", "Default", "Default", "Default", "Default", "Default", "Default", "Default", "Default", "Default", "Default", "Default", "Default", "Default", "Default", "Default", "Default", "Default", "Default", "Default", "Topic1", "Topic1", "Topic1", "Topic1", "Topic1", "Topic1", "Topic1", "Topic1", "Topic1", "Topic1", "Topic1", "Topic1", "Topic1", "Topic1", "Topic1", "Topic1", "Topic1", "Topic1", "Topic1", "Topic1", "Topic1", "Topic1", "Topic1", "Topic1", "Topic1", "Topic1", "Topic1", "Topic1", "Topic1", "Topic1", "Topic2", "Topic2", "Topic2", "Topic2", "Topic2", "Topic2", "Topic2", "Topic2", "Topic2", "Topic2", "Topic2", "Topic2", "Topic2", "Topic2", "Topic2", "Topic2", "Topic2", "Topic2", "Topic2", "Topic2", "Topic2", "Topic2", "Topic2", "Topic2", "Topic2", "Topic2", "Topic2", "Topic2", "Topic2", "Topic2", "Topic3", "Topic3", "Topic3", "Topic3", "Topic3", "Topic3", "Topic3", "Topic3", "Topic3", "Topic3", "Topic3", "Topic3", "Topic3", "Topic3", "Topic3", "Topic3", "Topic3", "Topic3", "Topic3", "Topic3", "Topic3", "Topic3", "Topic3", "Topic3", "Topic3", "Topic3", "Topic3", "Topic3", "Topic3", "Topic3", "Topic4", "Topic4", "Topic4", "Topic4", "Topic4", "Topic4", "Topic4", "Topic4", "Topic4", "Topic4", "Topic4", "Topic4", "Topic4", "Topic4", "Topic4", "Topic4", "Topic4", "Topic4", "Topic4", "Topic4", "Topic4", "Topic4", "Topic4", "Topic4", "Topic4", "Topic4", "Topic4", "Topic4", "Topic4", "Topic4", "Topic5", "Topic5", "Topic5", "Topic5", "Topic5", "Topic5", "Topic5", "Topic5", "Topic5", "Topic5", "Topic5", "Topic5", "Topic5", "Topic5", "Topic5", "Topic5", "Topic5", "Topic5", "Topic5", "Topic5", "Topic5", "Topic5", "Topic5", "Topic5", "Topic5", "Topic5", "Topic5", "Topic5", "Topic5", "Topic5", "Topic1", "Topic2", "Topic1", "Topic1", "Topic1", "Topic1", "Topic2", "Topic4", "Topic5", "Topic5", "Topic1", "Topic1", "Topic1", "Topic1", "Topic2", "Topic2", "Topic2", "Topic3", "Topic4", "Topic1", "Topic1", "Topic1", "Topic2", "Topic3", "Topic4", "Topic2", "Topic5", "Topic1", "Topic3", "Topic1", "Topic3", "Topic4", "Topic2", "Topic2", "Topic4", "Topic1", "Topic1", "Topic2", "Topic2", "Topic3", "Topic1", "Topic2", "Topic1", "Topic1", "Topic2", "Topic1", "Topic4", "Topic5", "Topic1", "Topic2", "Topic2", "Topic4", "Topic4", "Topic1", "Topic2", "Topic2", "Topic5", "Topic5", "Topic3", "Topic4", "Topic5", "Topic1", "Topic2", "Topic3", "Topic1", "Topic2", "Topic3", "Topic3", "Topic5", "Topic1", "Topic3", "Topic3", "Topic4", "Topic4", "Topic5", "Topic5", "Topic1", "Topic2", "Topic5", "Topic5", "Topic2", "Topic3", "Topic3", "Topic3", "Topic3", "Topic2", "Topic3", "Topic4", "Topic5", "Topic5", "Topic1", "Topic4", "Topic5", "Topic5", "Topic1", "Topic1", "Topic3", "Topic5", "Topic1", "Topic3", "Topic4", "Topic5", "Topic2", "Topic2", "Topic4", "Topic5", "Topic5", "Topic2", "Topic3", "Topic2", "Topic1", "Topic2", "Topic3", "Topic5", "Topic2", "Topic3", "Topic4", "Topic2", "Topic3", "Topic5", "Topic1", "Topic1", "Topic3", "Topic5", "Topic1", "Topic4", "Topic5", "Topic3", "Topic3", "Topic5", "Topic2", "Topic5", "Topic3", "Topic4", "Topic1", "Topic2", "Topic3", "Topic2", "Topic3", "Topic3", "Topic2", "Topic1", "Topic2", "Topic5", "Topic2", "Topic4", "Topic1", "Topic2", "Topic2", "Topic2", "Topic3", "Topic4", "Topic2", "Topic1", "Topic3", "Topic2", "Topic3", "Topic2", "Topic3", "Topic5", "Topic4", "Topic4", "Topic2", "Topic3", "Topic3", "Topic1", "Topic2", "Topic4", "Topic2", "Topic4", "Topic1", "Topic2", "Topic3", "Topic4", "Topic3", "Topic1", "Topic3", "Topic2", "Topic4", "Topic3", "Topic5", "Topic4", "Topic1", "Topic4", "Topic5", "Topic5", "Topic2", "Topic5", "Topic3", "Topic5", "Topic3", "Topic4", "Topic5", "Topic3", "Topic4", "Topic2", "Topic5", "Topic1" ] 
},
"token.table": {
 "Term": [ "1.", "1.", "1.", "1.", "1000", "2.", "2.", "2.", "2.", "50", "90", "AB", "B2C", "Facebook", "google", "PPT", "SEO", "SEO", "爱好者", "按时", "按时", "按时", "案例", "百度", "百度", "百度", "百科", "拜访", "保障", "报告", "毕业生", "编辑", "编辑", "博客", "博客", "不断改进", "不实", "不是", "不限", "不限", "不限", "不限", "不用", "操作", "操作", "操作", "操作", "策划", "策划", "策略", "产品", "产品", "产品", "产品", "产品", "成立", "成为", "承诺", "承受", "吃货", "吃苦耐劳", "创业", "从业", "促成", "促销", "达到", "达到", "大专", "大专", "大专", "大专", "待遇", "待遇", "担惊受怕", "底薪", "底薪", "电话", "电话", "电子商务", "电子商务", "电子商务", "店铺", "订单", "订单", "动态", "对外", "多种", "多种", "多种", "二次元", "发布", "发布", "发布", "发展", "发展", "发展", "发展", "方案", "方案", "方案", "分公司", "分类", "分析", "分析", "分销", "分销商", "服务", "服务", "服务", "服务", "福利", "福利", "福利待遇", "负责", "负责", "负责", "负责", "改进", "改进", "敢于", "岗位职责", "岗位职责", "岗位职责", "岗位职责", "岗位职责", "高手", "高颜值", "根据", "根据", "根据", "跟进", "跟进", "更新", "更新", "工作", "工作", "工作", "工作", "工作", "公司", "公司", "公司", "公司", "公司", "功底", "沟通", "沟通", "沟通", "沟通", "关键词", "关键词", "关系", "关系", "关注度", "管理", "管理", "管理", "管理", "管理", "广告投放", "广告学", "广州", "规律", "规律", "合适", "合适", "合作", "合作", "合作", "合作", "红人", "互联网", "互联网", "互联网", "互联网", "化妆品", "欢迎您", "回访", "回复", "活动", "活动", "活跃度", "机构", "机构", "积累", "计划", "计划", "计算机", "绩效奖金", "加入", "加入", "监督", "监控", "监控", "建立", "建立", "建设", "建设", "奖金", "奖励", "交换", "交流", "交流", "接待", "接待", "接受", "接受", "结果", "解答", "进行", "进行", "进行", "进行", "晋升", "经济", "经验", "经验", "经验", "经验", "精英", "竞争", "竞争对手", "就吗", "就是", "具备", "具备", "具有", "具有", "具有", "绝技", "开发", "开发", "开发", "抗压", "可以", "可以", "可以", "客户", "客户", "客户", "客户关系", "客户资料", "客户资源", "客户资源", "空间", "空间", "口碑", "老客户", "乐观", "了解", "了解", "了解", "了解", "了解", "利用", "利用", "利用", "利用", "利用网络", "利用网络", "链接", "良好", "良好", "良好", "两年", "聊天工具", "录用", "论坛", "论坛", "逻辑思维", "落地", "落实", "旅游", "满意度", "媒体", "媒体", "盟友", "梦想", "敏捷", "敏锐", "目标", "目标", "目录", "能力", "能力", "能力", "年轻", "努力", "努力", "培训", "培训", "培训", "品牌", "品牌", "平台", "平台", "平台", "平台", "平台", "评估", "评估", "瓶颈", "普通话", "企业", "企业", "企业", "强烈", "渠道", "渠道", "渠道", "渠道", "权重", "热爱", "热爱", "热情", "人才", "人民币", "任务", "任务", "任务", "任职", "任职", "任职", "任职", "荣耀", "如果", "如有", "商业", "上班", "社群", "什么", "时间", "时间", "时间", "实施", "实施", "市场营销", "市场营销", "市场营销", "市场营销", "是否", "收入", "售后服务", "书签", "熟练", "熟练", "熟练", "熟悉", "熟悉", "熟悉", "熟悉", "数据", "数据", "数据分析", "数据分析", "司机", "搜狗", "搜集", "搜集", "搜集", "搜索引擎", "搜索引擎", "谈判", "提成", "提成", "提出", "提供", "提供", "提供", "提供", "提升", "提升", "提升", "提升", "体面", "调整", "调整", "通过", "通过", "通过", "通过", "通过", "同行", "同行", "同花顺", "统计", "统计分析", "投放", "投放", "途径", "团队", "团队", "团队", "团队", "团队", "推广", "推广", "推广", "推广", "拓展", "拓展", "拓展", "外出", "外出", "外语", "完成", "完成", "完成", "完成", "完成", "玩家", "王者", "网络", "网络", "网络", "网络", "网络营销", "网络营销", "网络营销", "网络营销", "网上贸易", "网站", "网站", "网站", "微信", "微信", "微信", "维护", "维护", "维护", "文案", "文案", "文字", "文字", "问题", "问题", "我们", "我们", "相关", "相关", "相关", "相关", "销售", "销售", "销售", "销售", "效果", "效果", "写作", "新兴", "薪酬", "信息", "信息", "信息", "性格开朗", "性质", "需求", "需求", "学习", "学习", "学习", "寻找", "寻找", "研究", "阳奉阴违", "要求", "要求", "要求", "要求", "要求", "业绩", "业绩", "业绩", "业务", "业务", "业务", "业务", "页面", "一定", "一定", "一个", "一个", "一起", "疑问", "以上", "以上", "以上", "以上", "以上学历", "以上学历", "以上学历", "亦可", "意识", "意识", "引导", "引导", "英语", "营销", "营销", "营销", "营销", "应届", "用户", "用户", "优化", "优化", "优先", "优先", "优先", "游戏", "有限公司", "预算", "员工", "员工", "员工", "运营", "运营", "运用", "运用", "运用", "扎实", "长期", "长期", "账户", "招聘", "招聘", "这里", "这里", "真诚", "真诚", "整合", "支持", "知名度", "知名度", "执行", "执行", "执行", "职位", "职位", "职位", "职位", "职位", "制订", "制定", "制定", "中文", "周岁", "专科", "专科", "专科", "专业", "专业", "专业", "专业", "专注", "资格", "资格", "资格", "资格", "资源", "资源", "资源", "资源", "自己", "自己", "尊严" ],
"Topic": [ 1, 2, 3, 4, 4, 1, 2, 3, 4, 4, 4, 5, 3, 3, 5, 3, 1, 3, 5, 1, 2, 5, 3, 1, 2, 3, 1, 2, 4, 1, 2, 1, 3, 1, 3, 3, 5, 4, 2, 3, 4, 5, 2, 1, 2, 3, 5, 1, 3, 1, 1, 2, 3, 4, 5, 4, 4, 5, 2, 5, 2, 4, 3, 2, 1, 2, 3, 2, 3, 4, 5, 2, 4, 5, 2, 4, 2, 4, 2, 3, 4, 1, 1, 2, 5, 1, 1, 3, 4, 5, 1, 3, 5, 1, 2, 4, 5, 1, 2, 4, 4, 1, 1, 2, 5, 5, 1, 2, 3, 4, 2, 4, 4, 1, 2, 3, 5, 1, 3, 2, 1, 2, 3, 4, 5, 5, 5, 1, 2, 4, 1, 2, 1, 3, 1, 2, 3, 4, 5, 1, 2, 3, 4, 5, 3, 1, 2, 3, 4, 1, 3, 1, 2, 1, 1, 2, 3, 4, 5, 1, 3, 4, 2, 3, 2, 4, 1, 2, 3, 4, 3, 1, 2, 3, 4, 3, 5, 2, 2, 1, 3, 1, 1, 4, 2, 1, 2, 3, 4, 4, 5, 1, 1, 4, 1, 2, 1, 3, 4, 4, 1, 2, 5, 2, 3, 2, 5, 1, 2, 1, 2, 3, 5, 4, 3, 2, 3, 4, 5, 4, 5, 1, 5, 4, 2, 3, 2, 3, 5, 5, 1, 2, 5, 2, 2, 3, 4, 1, 2, 4, 2, 2, 2, 5, 2, 4, 1, 2, 2, 1, 2, 3, 4, 5, 1, 2, 3, 5, 4, 5, 1, 1, 2, 3, 3, 2, 2, 1, 3, 3, 1, 1, 4, 2, 1, 3, 5, 4, 2, 3, 1, 2, 3, 2, 3, 4, 4, 1, 4, 1, 2, 4, 1, 3, 1, 2, 3, 4, 5, 1, 2, 5, 2, 1, 2, 4, 2, 1, 2, 3, 5, 3, 2, 3, 2, 4, 3, 1, 2, 5, 1, 2, 3, 5, 5, 4, 5, 3, 4, 1, 4, 2, 3, 4, 1, 3, 1, 2, 3, 5, 4, 4, 2, 3, 1, 2, 3, 1, 2, 3, 5, 1, 3, 1, 3, 5, 1, 1, 2, 5, 1, 3, 2, 2, 4, 1, 1, 2, 4, 5, 1, 2, 3, 4, 5, 1, 4, 1, 2, 3, 4, 5, 1, 5, 5, 1, 1, 1, 2, 3, 1, 2, 3, 4, 5, 1, 2, 3, 5, 1, 2, 5, 2, 4, 3, 1, 2, 3, 4, 5, 3, 5, 1, 2, 3, 5, 1, 2, 3, 4, 5, 1, 3, 5, 1, 2, 3, 1, 2, 3, 1, 3, 1, 3, 1, 2, 2, 4, 1, 2, 3, 5, 1, 2, 4, 5, 1, 3, 3, 3, 4, 1, 2, 5, 2, 3, 1, 2, 2, 3, 4, 1, 2, 1, 5, 1, 2, 3, 4, 5, 1, 2, 4, 1, 2, 4, 5, 1, 2, 3, 4, 5, 4, 2, 2, 3, 4, 5, 2, 3, 5, 2, 2, 3, 1, 2, 3, 1, 2, 3, 4, 2, 1, 2, 1, 3, 2, 3, 5, 3, 4, 1, 1, 2, 4, 1, 3, 1, 2, 3, 3, 2, 4, 1, 3, 4, 4, 5, 4, 5, 1, 1, 1, 3, 1, 2, 3, 1, 2, 3, 4, 5, 1, 1, 2, 3, 2, 2, 3, 5, 2, 3, 4, 5, 4, 1, 2, 3, 5, 1, 2, 3, 4, 2, 4, 5 ],
"Freq": [ 0.31786, 0.42227, 0.18793, 0.069605, 0.99453, 0.32576, 0.4697, 0.16162, 0.04293, 0.99537, 0.99584, 0.99238, 0.99218, 0.99319, 0.98102, 0.99155, 0.75614, 0.24292, 0.99238, 0.040498, 0.030374, 0.93146, 0.9936, 0.75827, 0.06809, 0.17332, 1.0017, 1.0014, 0.9956, 1.0013, 1.0023, 0.31548, 0.68481, 0.37881, 0.62193, 0.99814, 0.99378, 0.99529, 0.55758, 0.16303, 0.17608, 0.10108, 1.0001, 0.16861, 0.032424, 0.15564, 0.64525, 0.62438, 0.37619, 1.0003, 0.32541, 0.18893, 0.032183, 0.036355, 0.41719, 0.99501, 0.99479, 0.99402, 1.0007, 0.99238, 1.0006, 0.9961, 0.99319, 1.0022, 1.0019, 0.086324, 0.91257, 0.38818, 0.43169, 0.12382, 0.056889, 0.35129, 0.64769, 0.99336, 0.21445, 0.78428, 0.98231, 0.016579, 0.1871, 0.62546, 0.1871, 1.0029, 0.039705, 0.96285, 1.0014, 1.0012, 0.10979, 0.87835, 0.010979, 0.99302, 0.26142, 0.13459, 0.60566, 0.42376, 0.10431, 0.39116, 0.081492, 0.85279, 0.14267, 0.0048638, 0.99529, 1.0012, 0.82424, 0.17588, 0.98748, 0.99074, 0.071561, 0.64405, 0.060111, 0.22327, 0.079347, 0.91815, 0.9949, 0.65257, 0.080591, 0.15029, 0.11631, 0.9767, 0.025703, 1.0014, 0.29906, 0.30393, 0.12956, 0.032146, 0.23574, 0.99261, 0.99238, 0.68936, 0.28212, 0.029577, 0.31703, 0.68611, 0.89486, 0.10154, 0.22218, 0.27446, 0.22898, 0.14376, 0.13069, 0.33514, 0.23112, 0.17178, 0.095965, 0.16592, 0.99759, 0.046772, 0.85749, 0.081418, 0.013858, 0.70771, 0.29215, 0.22427, 0.77871, 1.0012, 0.45482, 0.15611, 0.045032, 0.018013, 0.32723, 1.0024, 0.99319, 0.99734, 0.27382, 0.72563, 0.11082, 0.88659, 0.42918, 0.49049, 0.046597, 0.031882, 0.99428, 0.19806, 0.33159, 0.36497, 0.1046, 0.99272, 0.99238, 1.0019, 1.0001, 0.72448, 0.27506, 1.0013, 0.019537, 0.97683, 1.0011, 0.72442, 0.27635, 0.99711, 0.99545, 0.79956, 0.19754, 1.0013, 0.96424, 0.038569, 0.37465, 0.62441, 0.95991, 0.042853, 0.99668, 0.99511, 1.0017, 0.91816, 0.083469, 0.98228, 0.01926, 0.89689, 0.10483, 1.0017, 1.0025, 0.38546, 0.23754, 0.051917, 0.32501, 0.99722, 0.99218, 0.33049, 0.37208, 0.045963, 0.2517, 0.9949, 1.0015, 1.0027, 0.99336, 0.9961, 0.65786, 0.33968, 0.30862, 0.25399, 0.43698, 0.99238, 0.1132, 0.39966, 0.48745, 1.0005, 0.10929, 0.080147, 0.80875, 0.026743, 0.9351, 0.038331, 1.0028, 1.0009, 0.86118, 0.13598, 0.043348, 0.95365, 1.0021, 1.0023, 1.0001, 0.047117, 0.29704, 0.16183, 0.02868, 0.46707, 0.24146, 0.13964, 0.52365, 0.096003, 0.048738, 0.95262, 1.0025, 0.010444, 0.80154, 0.18798, 0.99428,  1.001, 1.0002, 0.53419, 0.46408, 0.99218, 1.0013, 1.0012, 0.9959, 1.0009, 0.81414, 0.18546, 0.99238, 0.99681, 1.0006, 0.99428, 0.69004, 0.31037, 0.99696, 0.63363, 0.29834, 0.067324, 0.99566, 0.041515, 0.95485, 0.020352, 0.49862, 0.48166, 0.66347, 0.33641, 0.42509, 0.066566, 0.15882, 0.074741, 0.27561, 0.98333, 0.013199, 0.99261, 1.0011, 0.45231, 0.18296, 0.36592, 1.0011, 0.24641, 0.071081, 0.25234, 0.43004, 0.99696, 0.85151, 0.15071, 1.0013, 0.99479, 0.99396, 0.084885, 0.39259, 0.52257, 0.074577, 0.44877, 0.17925, 0.29831, 0.99261, 0.99666, 0.99402, 0.99218, 0.99545, 1.0018, 0.99529, 0.13517, 0.16636, 0.69663, 0.97071, 0.027867, 0.030655, 0.14816, 0.26312, 0.55945, 0.99511, 0.99573, 1.0016, 0.99718, 0.12419, 0.20698, 0.66922, 0.24953, 0.19055, 0.47941, 0.080153, 0.74855, 0.2513, 0.95876, 0.04398, 0.99261, 1.0023, 0.10863, 0.032188, 0.86102, 0.9332, 0.066657, 1.0009, 0.24974, 0.74923, 0.99613, 0.061901, 0.70767, 0.19239, 0.038479, 0.44165, 0.019295, 0.40091, 0.13721, 0.99302, 0.98644, 0.016441, 0.18749, 0.4673, 0.011363, 0.034089, 0.30112, 0.089058, 0.91285, 0.99261, 1.0027, 1.0014, 0.94925, 0.047126, 0.99598, 0.19634, 0.4721, 0.0066182, 0.26694, 0.057358, 0.55728, 0.035291, 0.33334, 0.074111, 0.22236, 0.086289, 0.69363, 0.91303, 0.088767, 0.99428, 0.21188, 0.47512, 0.033387, 0.011557, 0.26838, 0.99785, 0.99261, 0.24755, 0.15084, 0.22117, 0.38034, 0.30442, 0.18507, 0.4722, 0.038053, 0.99673, 0.71115, 0.28406, 0.0046786, 0.25793, 0.4525, 0.2896, 0.44099, 0.48342, 0.075772, 0.45668, 0.5445, 0.07135, 0.92755, 0.1695, 0.83338, 0.035646, 0.96567, 0.26123, 0.16093, 0.28222, 0.29621, 0.035351, 0.49821, 0.072587, 0.39357, 0.63941, 0.36039, 0.99483, 0.99483, 0.9956, 0.31974, 0.11111, 0.56911, 1.0016, 0.99687, 0.22892,  0.772, 0.41225, 0.049623, 0.53822, 0.050557, 0.95215, 1.0024, 0.99336, 0.10478, 0.39484, 0.42131, 0.047425, 0.031984, 0.073139, 0.77527, 0.15359, 0.19572, 0.2753, 0.045167, 0.48608, 1.0022, 0.36745, 0.63315, 0.77318, 0.22382,  0.996, 1.0024, 0.21463, 0.35772, 0.058129, 0.36889, 0.25093, 0.31898, 0.43168, 1.0003, 0.90384, 0.098438, 0.035798, 0.96655, 0.99483, 0.64216, 0.2328, 0.081247, 0.043748, 1.0022, 0.98841, 0.014643, 0.95986, 0.040721, 0.44997, 0.40168, 0.14706, 0.99874, 0.99633, 1.0019, 0.17823, 0.011882, 0.80797, 0.7819, 0.21764, 0.14283, 0.055544, 0.80142, 0.99319, 0.90664, 0.095436, 1.0024, 0.24184, 0.75575, 0.80347, 0.19361, 0.068549, 0.92542, 1.0021, 1.0012, 0.19252, 0.80752, 0.6998, 0.10098, 0.19961, 0.13322, 0.22725, 0.3683, 0.20374, 0.067914, 1.0019, 0.89314, 0.10656, 0.99566, 1.0013, 0.023459, 0.052783, 0.92077, 0.31511, 0.21447, 0.12043, 0.34975, 0.99511, 0.0045245, 0.39589, 0.12669, 0.47281, 0.40654, 0.14939, 0.3845, 0.058776, 0.32613, 0.67329, 0.99302 ] 
},
"R":     30,
"lambda.step":   0.01,
"plot.opts": {
 "xlab": "PC1",
"ylab": "PC2" 
},
"topic.order": [ 5, 4, 2, 3, 1 ] 
}
